union,fiscal_year,kind,direction,amount,source_doc
katuli,2014-15,proposed,income,9458058,katuli-budget-2014-15
katuli,2013-14,revised,income,4547386,katuli-budget-2014-15
katuli,2012-13,actual,income,8387604,katuli-budget-2014-15
silimpur,2023-24,proposed,income,18442514,silimpur-budget-2023-24
porabari,2025-26,proposed,income,17249800,porabari-budget-2025-26
baghil,2026-27,proposed,income,25926879,baghil-budget-2026-27
karatia,2024-25,proposed,income,22503824,karatia-budget-2024-25
hugra,2023-24,proposed,income,17417706,hugra-budget-2023-24
dainya,2023-24,proposed,income,15368200,dainya-budget-2023-24
