id,requirement_bn,requirement_en,legal_basis,fiscal_year,published,document_id,rti_request_bn
budget-current,চলতি অর্থবছরের (২০২৬-২৭) বাজেট,Current year (2026-27) budget,"ইউপি আইন ২০০৯, ধারা ৫৭",2026-27,no,,২০২৬-২৭ অর্থবছরের অনুমোদিত বাজেটের সত্যায়িত কপি (আয় ও ব্যয়ের খাতওয়ারি বিবরণসহ)
final-accounts,গত অর্থবছরের (২০২৫-২৬) চূড়ান্ত আয়-ব্যয়ের হিসাব,Final accounts for last year (2025-26),ধারা ৫৮,2025-26,no,,২০২৫-২৬ অর্থবছরের চূড়ান্ত আয়-ব্যয়ের হিসাবের সত্যায়িত কপি
open-budget-minutes,প্রকাশ্য বাজেট অধিবেশনের কার্যবিবরণী (২০২৬-২৭),Open budget session minutes (2026-27),ধারা ৫৭,2026-27,no,,"২০২৬-২৭ অর্থবছরের প্রকাশ্য বাজেট অধিবেশনের তারিখ, উপস্থিতির তালিকা ও কার্যবিবরণীর কপি"
ward-shava-minutes,৯টি ওয়ার্ড সভার কার্যবিবরণী,Minutes of the 9 ward shava meetings,ধারা ৫–৬,,no,,"গত ১২ মাসে অনুষ্ঠিত ৯টি ওয়ার্ডের ওয়ার্ড সভার তারিখ, উপস্থিতি ও কার্যবিবরণীর কপি"
citizen-charter,"সিটিজেন চার্টার (সেবা, ফি ও সময়সীমা)","Citizen charter (services, fees, time limits)",ধারা ৪৯,,no,,"ইউনিয়ন পরিষদের হালনাগাদ সিটিজেন চার্টারের কপি (সেবার নাম, ফি ও সময়সীমাসহ)"
tax-schedule,কর ও ফি-র হার (কর তফসিল),Tax and fee rates,ধারা ৬৫–৬৬,,no,,ইউনিয়ন পরিষদের বর্তমান কর নির্ধারণী তালিকা ও ট্রেড লাইসেন্স/সনদ ফি-র হারের কপি
project-list,চলতি বছরের প্রকল্প তালিকা ও বরাদ্দ,This year's project list and allocations,ধারা ৬(২),2026-27,no,,"২০২৬-২৭ অর্থবছরে গৃহীত সকল প্রকল্পের তালিকা (বরাদ্দ, ওয়ার্ড, পিআইসি/ঠিকাদারের নাম ও বাস্তবায়নকাল সহ)"
beneficiary-counts,ভাতাভোগীর ওয়ার্ডওয়ারি সংখ্যা,Allowance recipients per ward (counts),ধারা ৬(১),2026-27,no,,"বয়স্ক, বিধবা, প্রতিবন্ধী ভাতা, ভিডব্লিউবি ও ভিজিএফ কর্মসূচির ওয়ার্ডওয়ারি উপকারভোগীর সংখ্যা (নাম ছাড়া)"
audit-report,নিরীক্ষা (অডিট) প্রতিবেদন,Audit report,"ধারা ৬(৩), ৫৯–৬১",,no,,সর্বশেষ নিরীক্ষা (অডিট) প্রতিবেদনের কপি ও আপত্তি নিষ্পত্তির অবস্থা
tender-notices,দরপত্র বিজ্ঞপ্তি ও কার্যাদেশ,Tender notices and work orders,পাবলিক প্রকিউরমেন্ট বিধিমালা ২০০৮,2026-27,no,,২০২৬-২৭ অর্থবছরে ইউনিয়ন পরিষদ কর্তৃক আহ্বানকৃত সকল দরপত্র/কোটেশন বিজ্ঞপ্তি ও কার্যাদেশের কপি
