id,title_bn,title_en,issuer,date,fiscal_year,url,archive_path,reliability,status,note_bn
katuli-budget-2014-15,কাতুলী ইউনিয়ন পরিষদ — ২০১৪-১৫ অর্থবছরের উন্মুক্ত বাজেট সভার কার্যবিবরণী,Katuli UP open budget meeting minutes FY2014-15,union,2014-12-08,2014-15,https://katuliup.tangail.gov.bd/pages/static-pages/69959c8535ce18e1c0789db4,archive/research/katuli-budget-2014-15.html,low,published,একই নথিতে দুটি সভার তারিখ ও দুজন সভাপতির নাম — অন্য ইউনিয়নের টেমপ্লেট থেকে নেওয়া বলে মনে হয়। পোর্টালে এটিই কাতুলীর একমাত্র বাজেট।
katuli-portal-projects,কাতুলী ইউনিয়ন পোর্টাল — প্রকল্প (ফিল্ড) তালিকা,Katuli portal project list,union,,,https://katuliup.tangail.gov.bd/pages/field-projects,archive/research/katuli-portal-projects.html,low,published,"তারিখ নেই, টাকার পরিমাণ প্রায় কোথাও নেই; কয়েকটি ঘরে শুধু 'ওয়েবসাইট ব্যবহারের জন্য ধন্যবাদ' লেখা।"
lgd-bbg-2024-25-inst2,"স্থানীয় সরকার বিভাগ — ইউনিয়ন পরিষদ উন্নয়ন সহায়তা (সাধারণ বরাদ্দ) ২য় কিস্তি, ২০২৪-২৫ (স্মারক ১০২৮, ০৫-০৫-২০২৫)","LGD UP development grant, 2nd instalment FY2024-25",ministry,2025-05-05,2024-25,https://objectstorage.ap-dcc-gazipur-1.oraclecloud15.com/n/axvjbnqprylg/b/V2Ministry/o/office-porabariup-tangail/2024/12/f16a49a7ef914084bef0e42a151ba45e.pdf,,official,published,সংযুক্তির ৫ নং পাতায় টাঙ্গাইল সদরের ১২টি ইউনিয়ন; স্ক্যান করা নথি থেকে হাতে লেখা।
lgd-bbg-2025-26-inst2,"স্থানীয় সরকার বিভাগ — ইউনিয়ন পরিষদ উন্নয়ন সহায়তা ২য় কিস্তি (সংশোধিত এডিপি), ২০২৫-২৬ (স্মারক ১৪৪)","LGD UP development grant, 2nd instalment FY2025-26",ministry,,2025-26,https://objectstorage.ap-dcc-gazipur-1.oraclecloud15.com/n/axvjbnqprylg/b/V2Ministry/o/office-lgd/2026/3/21523d88-5010-41a8-93bc-cba8420d6fd6.pdf,,official,published,পিডিএফের ৫১ নং পাতা।
lgd-bbg-2026-27-inst1,"স্থানীয় সরকার বিভাগ — ইউনিয়ন পরিষদ উন্নয়ন সহায়তা ১ম কিস্তি, ২০২৬-২৭ (স্মারক ১৬৪৪, ২৫-০৮-২০২৬)","LGD UP development grant, 1st instalment FY2026-27",ministry,2026-08-25,2026-27,https://objectstorage.ap-dcc-gazipur-1.oraclecloud15.com/n/axvjbnqprylg/b/V2Ministry/o/office-lgd/2026/7/15093e3e-5c02-49e6-8706-e650245c4b15.pdf,,official,published,পিডিএফের ৪৮ নং পাতা।
bbs-census-2022-union,"বাংলাদেশ পরিসংখ্যান ব্যুরো — জনশুমারি ২০২২, ইউনিয়ন পরিসংখ্যান (টাঙ্গাইল)",BBS Census 2022 union statistics,ministry,,,https://objectstorage.ap-dcc-gazipur-1.oraclecloud15.com/n/axvjbnqprylg/b/V2Ministry/o/office-bbs/2024/12/f376ca7e7ee5405f8311de650415b9d8.pdf,,official,published,১২৭ নং পাতার সারণি।
dss-tangail-2020-21,"জেলা সমাজসেবা কার্যালয়, টাঙ্গাইল — ইউনিয়নভিত্তিক ভাতাভোগীর সংখ্যা (২৭-০১-২০২১)",DSS Tangail union-wise beneficiaries,district,2021-01-27,2020-21,https://objectstorage.ap-dcc-gazipur-1.oraclecloud15.com/n/axvjbnqprylg/b/V2Ministry/o/office-dss-tangail/2024/12/e5aab8ef3ff1464db835860063fcad9d.docx,archive/research/dss-tangail-unionwise-2020-21.docx,official,published,এর পরের কোনো ইউনিয়নভিত্তিক সংখ্যা প্রকাশিত পাওয়া যায়নি।
silimpur-budget-2023-24,সিলিমপুর ইউনিয়ন পরিষদ — বাজেট ২০২৩-২৪,Silimpur UP budget FY2023-24,union,,2023-24,https://objectstorage.ap-dcc-gazipur-1.oraclecloud15.com/n/axvjbnqprylg/b/V2Ministry/o/office-silimpurup-tangail/2024/12/b45f7b21553d4aca9fd16edbb6a4d696.pdf,archive/research/silimpur-budget-2023-24.pdf,official,published,
porabari-budget-2025-26,পোড়াবাড়ী ইউনিয়ন পরিষদ — বাজেট ২০২৫-২৬,Porabari UP budget FY2025-26,union,,2025-26,https://objectstorage.ap-dcc-gazipur-1.oraclecloud15.com/n/axvjbnqprylg/b/V2Ministry/o/office-porabariup-tangail/2024/12/1d7ef6e0093c4ea19fa669fc06f6cf2b.pdf,,official,published,
baghil-budget-2026-27,বাঘিল ইউনিয়ন পরিষদ — বাজেট ২০২৬-২৭ (২৪-০৫-২০২৬),Baghil UP budget FY2026-27,union,2026-05-24,2026-27,https://objectstorage.ap-dcc-gazipur-1.oraclecloud15.com/n/axvjbnqprylg/b/V2Ministry/o/office-baghilup-tangail/2026/6/5f37530c-31c9-4ea6-9675-7741b67515e4.pdf,,official,published,স্ক্যান করা নথি।
karatia-budget-2024-25,করটিয়া ইউনিয়ন পরিষদ — বাজেট ২০২৪-২৫,Karatia UP budget FY2024-25,union,,2024-25,https://objectstorage.ap-dcc-gazipur-1.oraclecloud15.com/n/axvjbnqprylg/b/V2Ministry/o/office-karatiaup-tangail/2024/12/617a0d76e33847e6ac175a8bf9fd1bb5.pdf,archive/research/karatia-budget-2024-25.pdf,low,published,"স্ক্যান করা; কলামের শিরোনাম অসংগত, সামাজিক নিরাপত্তার একটি সংখ্যা স্পষ্টতই ভুল ছাপা।"
hugra-budget-2023-24,হুগড়া ইউনিয়ন পরিষদ — বাজেট ২০২৩-২৪,Hugra UP budget FY2023-24,union,,2023-24,https://objectstorage.ap-dcc-gazipur-1.oraclecloud15.com/n/axvjbnqprylg/b/V2Ministry/o/office-hugraup-tangail/2024/12/e5d51159c0fb411d9f79b5ff82e4fbab.pdf,archive/research/hugra-budget-2023-24.pdf,low,published,নথির ভেতরে কিছু অসংগতি আছে।
dainya-budget-2023-24,দাইন্যা ইউনিয়ন পরিষদ — বাজেট ২০২৩-২৪,Dainya UP budget FY2023-24,union,,2023-24,https://objectstorage.ap-dcc-gazipur-1.oraclecloud15.com/n/axvjbnqprylg/b/V2Ministry/o/office-dyennaup-tangail/2024/12/ed0ffc6d61db4242a259cfd58f3a00e1.pdf,archive/research/dainya-budget-2023-24.pdf,official,published,"স্ক্যান করা; কলামের শিরোনাম ভুল লেখা, তবে মোট মেলে।"
law-up-act-2009,"স্থানীয় সরকার (ইউনিয়ন পরিষদ) আইন, ২০০৯",Local Government (Union Parishad) Act 2009,ministry,,,http://bdlaws.minlaw.gov.bd/act-1027.html,,official,published,
law-up-amend-2026,"স্থানীয় সরকার (ইউনিয়ন পরিষদ) (সংশোধন) আইন, ২০২৬",UP (Amendment) Act 2026,ministry,,,http://bdlaws.minlaw.gov.bd/act-1673.html,,official,published,
law-rti-act-2009,"তথ্য অধিকার আইন, ২০০৯",Right to Information Act 2009,ministry,,,http://bdlaws.minlaw.gov.bd/act-1011.html,,official,published,
grs-portal,অভিযোগ প্রতিকার ব্যবস্থা (GRS),Grievance Redress System,ministry,,,https://www.grs.gov.bd/,,official,published,
dss-allowances-2026-27,সমাজসেবা অধিদফতর — ভাতা কর্মসূচির নীতিমালা ও হার,Department of Social Services allowance rules,ministry,,2026-27,https://dss.gov.bd/pages/static-pages/6922dcb2933eb65569e11974,,official,published,২০২৬-২৭ অর্থবছরের বাজেটে (১১ জুন ২০২৬) ঘোষিত হার; সূত্র: সমাজসেবা অধিদফতর ও সংবাদপত্র।
orgbdr-fees,জন্ম ও মৃত্যু নিবন্ধন — ফি তালিকা,Birth & death registration fees,ministry,,,https://orgbdr.gov.bd/pages/static-pages/69cf48059d736d71f1a34c8c,,official,published,
tib-nhs-2023,টিআইবি জাতীয় খানা জরিপ ২০২৩,TIB National Household Survey 2023,other,,,https://www.ti-bangladesh.org/images/2023/report/nhs/NHS-2023-Executive-Summary-En.pdf,,official,published,
katuli-notices-ad81bd90,১ সরকারী খরচে আইনি সহয়তা প্রদান।,,union,2026-09-27,,https://objectstorage.ap-dcc-gazipur-1.oraclecloud15.com/n/axvjbnqprylg/b/V2Ministry/o/office-katuliup-tangail/2024/12/070d54c1c6bd445bbb438f0642231df6.doc,,official,ignored,বাজেটের সাথে সম্পর্কিত নয় (সাধারণ নোটিশ)
katuli-notices-df789c9a,১ সরকারী খরচে আইনি সহয়তা প্রদান।,,union,2026-09-27,,https://katuliup.tangail.gov.bd/pages/notices/%E0%A6%B8%E0%A6%B0%E0%A6%95%E0%A6%BE%E0%A6%B0%E0%A7%80-%E0%A6%96%E0%A6%B0%E0%A6%9A%E0%A7%87-%E0%A6%86%E0%A6%87%E0%A6%A8%E0%A6%BF-%E0%A6%B8%E0%A6%B9%E0%A7%9F%E0%A6%A4%E0%A6%BE-%E0%A6%AA%E0%A7%8D%E0%A6%B0%E0%A6%A6%E0%A6%BE%E0%A6%A8-d84614-6995673df2b99fa8d1574407,,official,ignored,বাজেটের সাথে সম্পর্কিত নয় (সাধারণ নোটিশ)
katuli-notices-9d061da7,২ আগামী ০৩ অক্টোবর ২০১২ ইং থেকে টাঙ্গাইল সদর উপজেলার হাল নাগাদ ভোটার তালিকা শুরু হইবে।,,union,2026-09-27,,https://katuliup.tangail.gov.bd/pages/notices/%E0%A6%86%E0%A6%97%E0%A6%BE%E0%A6%AE%E0%A7%80-%E0%A7%A6%E0%A7%A9-%E0%A6%85%E0%A6%95%E0%A7%8D%E0%A6%9F%E0%A7%8B%E0%A6%AC%E0%A6%B0-%E0%A7%A8%E0%A7%A6%E0%A7%A7%E0%A7%A8-%E0%A6%87%E0%A6%82-%E0%A6%A5%E0%A7%87%E0%A6%95%E0%A7%87-%E0%A6%9F%E0%A6%BE%E0%A6%99%E0%A7%8D%E0%A6%97%E0%A6%BE%E0%A6%87%E0%A6%B2-%E0%A6%B8%E0%A6%A6%E0%A6%B0-%E0%A6%89%E0%A6%AA%E0%A6%9C%E0%A7%87%E0%A6%B2%E0%A6%BE%E0%A6%B0-%E0%A6%B9%E0%A6%BE%E0%A6%B2-%E0%A6%A8%E0%A6%BE%E0%A6%97%E0%A6%BE%E0%A6%A6-%E0%A6%AD%E0%A7%8B%E0%A6%9F%E0%A6%BE%E0%A6%B0-e00009-6995679bf2b99fa8d15759cb,,official,ignored,বাজেটের সাথে সম্পর্কিত নয় (সাধারণ নোটিশ)
katuli-files-6a2d0678,"১ সেবা, আমাদের ওয়েব সাইট ব্যবহার করার জন্য আপনাকে ধন্যবাদ। তথ্য ও প্রযুক্তিগত সেবার জন্য আমাদের সঙ্গে থাকুন।",,union,2026-09-27,,https://objectstorage.ap-dcc-gazipur-1.oraclecloud15.com/n/axvjbnqprylg/b/V2Ministry/o/office-katuliup-tangail/2024/12/a5db460a87634557bb047c0b20b5c18d.docx,,official,ignored,ফাইলে শুধু 'ওয়েবসাইট ব্যবহারের জন্য ধন্যবাদ' লেখা
katuli-files-ba00c817,"৩ সেবা, আমাদের ওয়েব সাইট ব্যবহার করার জন্য আপনাকে ধন্যবাদ। তথ্য ও প্রযুক্তিগত সেবার জন্য আমাদের সঙ্গে থাকুন।",,union,2026-09-27,,https://objectstorage.ap-dcc-gazipur-1.oraclecloud15.com/n/axvjbnqprylg/b/V2Ministry/o/office-katuliup-tangail/2024/12/d5cf364811864af18515069df8fc6ec4.docx,,official,ignored,ফাইলে শুধু 'ওয়েবসাইট ব্যবহারের জন্য ধন্যবাদ' লেখা
katuli-files-68541467,"৪ সেবা, আমাদের ওয়েব সাইট ব্যবহার করার জন্য আপনাকে ধন্যবাদ। তথ্য ও প্রযুক্তিগত সেবার জন্য আমাদের সঙ্গে থাকুন।",,union,2026-09-27,,https://objectstorage.ap-dcc-gazipur-1.oraclecloud15.com/n/axvjbnqprylg/b/V2Ministry/o/office-katuliup-tangail/2024/12/f0f59151312a4af4a50c9b10816a62ca.docx,,official,ignored,ফাইলে শুধু 'ওয়েবসাইট ব্যবহারের জন্য ধন্যবাদ' লেখা
sadar-notices-0c99005f,হাট-বাজার,,upazila,2026-09-27,,https://tangailsadar.tangail.gov.bd/pages/notices/699566fdf2b99fa8d157336b,,official,ignored,"স্ক্যান করা পিডিএফ, লেখা পড়া যায়নি — পরে হাতে যাচাই করুন"
district-notices-506a08fb,"১ জনাব আব্দুল্লাহ হিল মাসুদ, ইউপি হিসাব সহকারী কাম কম্পিউটার অপারেটর, কাতুলী ইউনিয়ন পরিষদ, টাঙ্গাইল সদর, টাঙ্গাইল এর সৌদি আরবে পবিত্র ওমরাহ পালনের জন্য বহি: বাংলাদেশ ছুটির অফিস আদেশ ২৪-০৮-২০২৫",,district,2026-09-27,,https://objectstorage.ap-dcc-gazipur-1.oraclecloud15.com/n/axvjbnqprylg/b/V2Ministry/o/office-tangail/2024/12/a415549f6b1f4af080a2282092a7e8d9.pdf,,official,ignored,একজন কর্মচারীর ব্যক্তিগত ছুটির আদেশ — প্রকাশযোগ্য নয়
district-notices-80ffe300,"১ জনাব আব্দুল্লাহ হিল মাসুদ, ইউপি হিসাব সহকারী কাম কম্পিউটার অপারেটর, কাতুলী ইউনিয়ন পরিষদ, টাঙ্গাইল সদর, টাঙ্গাইল এর সৌদি আরবে পবিত্র ওমরাহ পালনের জন্য বহি: বাংলাদেশ ছুটির অফিস আদেশ ২৪-০৮-২০২৫",,district,2026-09-27,,https://tangail.gov.bd/pages/notices/%E0%A6%9C%E0%A6%A8%E0%A6%BE%E0%A6%AC-%E0%A6%86%E0%A6%AC%E0%A7%8D%E0%A6%A6%E0%A7%81%E0%A6%B2%E0%A7%8D%E0%A6%B2%E0%A6%BE%E0%A6%B9-%E0%A6%B9%E0%A6%BF%E0%A6%B2-%E0%A6%AE%E0%A6%BE%E0%A6%B8%E0%A7%81%E0%A6%A6-%E0%A6%87%E0%A6%89%E0%A6%AA%E0%A6%BF-%E0%A6%B9%E0%A6%BF%E0%A6%B8%E0%A6%BE%E0%A6%AC-%E0%A6%B8%E0%A6%B9%E0%A6%95%E0%A6%BE%E0%A6%B0%E0%A7%80-%E0%A6%95%E0%A6%BE%E0%A6%AE-%E0%A6%95%E0%A6%AE%E0%A7%8D%E0%A6%AA%E0%A6%BF%E0%A6%89%E0%A6%9F%E0%A6%BE%E0%A6%B0-85282d-69958cc135ce18e1c0780656,,official,ignored,একজন কর্মচারীর ব্যক্তিগত ছুটির আদেশ — প্রকাশযোগ্য নয়
