id,fiscal_year,name_bn,name_en,scheme,ward,village_bn,lat,lng,amount,unit_of_work_bn,implementer_bn,start,end,status,source_type,source_doc,up_reply_bn,status_row
katuli-portal-kabikha-roads,,কাবিখা: ৪টি রাস্তা নির্মাণ/মেরামত (আশরাফের বাড়ী–হযরত আলীর বাড়ী; কাতুলী স্কুল মোড়–আব্দুল্যাপাড়া স্কুল; আলোকদিয়া স্কুল–আলোকদিয়া বাজার; ইছাপাশা ঈদগাহ–হবি ঘোষের বাড়ী),KABIKHA: 4 road construction/repair works,kabikha,,"ওয়ার্ড ৪, ৫ (পোর্টাল অনুযায়ী)",,,,,,,,unknown,union,katuli-portal-projects,,published
katuli-portal-tr-mosques-school,,"টিআর: ১০টি কাজ — মসজিদ, মন্দির, ঈদগাহ উন্নয়ন ও চকদই রেজি. প্রাথমিক বিদ্যালয়ের মেঝে পাকাকরণ","TR: 10 works — mosques, temple, eidgah, Chakdoi school floor",tr,1,"চকদই, খোরশিলা, চৌবাড়ীয়া, নেওয়ারগাছা, কাতুলী, রশিদপুর, ধীতপুর",,,,,,,,ongoing,union,katuli-portal-projects,,published
katuli-portal-school-field-earth,,কাতুলী ইউনিয়ন উচ্চ বিদ্যালয়ের মাঠে মাটি ভরাট,Earth filling of Katuli Union High School field,kabikha,2,,,,400000,,,,,completed,union,katuli-portal-projects,,published
katuli-portal-gr-erosion-relief-2013,2013-14,যমুনা ও ধলেশ্বরী নদী ভাঙনে ক্ষতিগ্রস্তদের মাঝে চাল (১০ কেজি হারে) ও নগদ টাকা (৩০০ টাকা হারে) বিতরণ,Rice and cash for river-erosion victims,gr,,"ওয়ার্ড ৪, ৮, ৯",,,30000,"১ মেট্রিক টন চাল ও নগদ ৩০,০০০ টাকা",,2013-08-31,2013-08-31,completed,union,katuli-portal-projects,,published
katuli-portal-kabikha-unnamed,,কাবিখা প্রকল্প (পোর্টালে বিবরণ নেই),KABIKHA project (no description on portal),kabikha,,"ওয়ার্ড ২, ৩, ৫",,,,,,,,unknown,union,katuli-portal-projects,,published
katuli-portal-adp-unnamed,,এডিপি প্রকল্প (পোর্টালে বিবরণ নেই),ADP project (no description on portal),adp,,"ওয়ার্ড ৪, ৫, ৬, ৯",,,,,,,,unknown,union,katuli-portal-projects,,published
katuli-portal-lgsp-unnamed,,এলজিএসপি প্রকল্প (পোর্টালে বিবরণ নেই),LGSP project (no description on portal),lgsp,,ওয়ার্ড ১–৯,,,,,,,,unknown,union,katuli-portal-projects,,published
lged-alokdia-graveyard,2025-26,আলোকদিয়া কেন্দ্রীয় কবরস্থান উন্নয়ন (জিএসআইডি-২),Alokdia Central Graveyard (GSID-2),other,,আলোকদিয়া,,,,,,,,planned,upstream,lged-etender-47-2025-26,,published
lged-char-chowbaria-graveyard,2026-27,চর চৌবাড়ীয়া কবরস্থান উন্নয়ন (জিএসআইডি-২),Char Chowbaria Graveyard (GSID-2),other,,চৌবাড়ীয়া,,,,,,,,planned,upstream,lged-etender-04-2026-27,,published
lged-chakladarpara-mosque,2026-27,চাকলাদারপাড়া জামে মসজিদ উন্নয়ন (জিএসআইডি-২),Chakladarpara Jame Mosque (GSID-2),other,,,,,,,,,,planned,upstream,lged-etender-04-2026-27,,published
